INSERT INTO units_name values("kitchen_measures");
INSERT INTO units_name values("metric");

insert into units values('teaspoon', 'kitchen_measures',1);
insert into units values('soup_spoon', 'kitchen_measures',1);
insert into units values('glass', 'kitchen_measures',1);
insert into units values('handful', 'kitchen_measures', 1);
insert into units values('gram', 'metric', 1);
insert into units values('kilogram', 'metric', 2);
insert into units values('mililiter', 'metric', 200);
insert into units values('liter', 'metric', 1);
insert into units values("portion", "kitchen_measures", "1");

INSERT INTO `cookbook_new`.`groups` (`group_name`) VALUES ('Adminitrator');
INSERT INTO `cookbook_new`.`groups` (`group_name`) VALUES ('Perl');
INSERT INTO `cookbook_new`.`groups` (`group_name`) VALUES ('KitchenPros');
INSERT INTO `cookbook_new`.`groups` (`group_name`) VALUES ('Perfection');

INSERT INTO `cookbook_new`.`users` (`userName`, `password`) VALUES ('louis_94', 'potatoes');
INSERT INTO `cookbook_new`.`users` (`userName`, `password`) VALUES ('cris_1', 'onions');
INSERT INTO `cookbook_new`.`users` (`userName`, `password`) VALUES ('sweden_23', 'swedish');
INSERT INTO `cookbook_new`.`users` (`userName`, `password`) VALUES ('chef_master', 'kitchen');
INSERT INTO `cookbook_new`.`users` (`userName`, `password`) VALUES ('kitchen_pro', 'cook10');
INSERT INTO `cookbook_new`.`users` (`userName`, `password`) VALUES ('silver', 'cheese');

INSERT INTO `cookbook_new`.`ingredient` (`name`, `quantity`, `unit`) VALUES ('Onion', '1', 'portion');
INSERT INTO `cookbook_new`.`ingredient` (`name`, `quantity`, `unit`) VALUES ('Cheese', '100', 'gram');
INSERT INTO `cookbook_new`.`ingredient` (`name`, `quantity`, `unit`) VALUES ('Potatoes', '5', 'portion');
INSERT INTO `cookbook_new`.`ingredient` (`name`, `quantity`, `unit`) VALUES ('Bread', '100', 'gram');
INSERT INTO `cookbook_new`.`ingredient` (`name`, `quantity`, `unit`) VALUES ('Wine', '1', 'liter');
INSERT INTO `cookbook_new`.`ingredient` (`name`, `quantity`, `unit`) VALUES ('Rice', '1', 'kilogram');
INSERT INTO `cookbook_new`.`ingredient` (`name`, `quantity`, `unit`) VALUES ('Meat', '100', 'gram');
INSERT INTO `cookbook_new`.`ingredient` (`name`, `quantity`, `unit`) VALUES ('Fish', '1', 'portion');
INSERT INTO `cookbook_new`.`ingredient` (`name`, `quantity`, `unit`) VALUES ('Avocado', '1', 'portion');
INSERT INTO `cookbook_new`.`ingredient` (`name`, `quantity`, `unit`) VALUES ('Egg', '1', 'portion');
INSERT INTO `cookbook_new`.`ingredient` (`name`, `quantity`, `unit`) VALUES ('Ginger', '100', 'gram');
INSERT INTO `cookbook_new`.`ingredient` (`name`, `quantity`, `unit`) VALUES ('Tomato', '1', 'portion');
INSERT INTO `cookbook_new`.`ingredient` (`name`, `quantity`, `unit`) VALUES ('Butter', '100', 'gram');
INSERT INTO `cookbook_new`.`ingredient` (`name`, `quantity`, `unit`) VALUES ('Milk', '1', 'liter');
INSERT INTO `cookbook_new`.`ingredient` (`name`, `quantity`, `unit`) VALUES ('Cinnamon', '100', 'gram');
INSERT INTO `cookbook_new`.`ingredient` (`name`, `quantity`, `unit`) VALUES ('Sugar', '1', 'kilogram');
INSERT INTO `cookbook_new`.`ingredient` (`name`, `quantity`, `unit`) VALUES ('Yogurt', '1', 'soup_spoon');
INSERT INTO `cookbook_new`.`ingredient` (`name`, `quantity`, `unit`) VALUES ('Bananas', '1', 'portion');
INSERT INTO `cookbook_new`.`ingredient` (`name`, `quantity`, `unit`) VALUES ('Oranges', '1', 'kilogram');
INSERT INTO `cookbook_new`.`ingredient` (`name`, `quantity`, `unit`) VALUES ('Spinach', '100', 'gram');
INSERT INTO `cookbook_new`.`ingredient` (`name`, `quantity`, `unit`) VALUES ('Carrots', '1', 'kilogram');
INSERT INTO `cookbook_new`.`ingredient` (`name`, `quantity`, `unit`) VALUES ('Garlic', '1', 'portion');
INSERT INTO `cookbook_new`.`ingredient` (`name`, `quantity`, `unit`) VALUES ('Wheat Flour', '100', 'gram');
INSERT INTO `cookbook_new`.`ingredient` (`name`, `quantity`, `unit`) VALUES ('Croissant', '1', 'portion');
INSERT INTO `cookbook_new`.`ingredient` (`name`, `quantity`, `unit`) VALUES ('Ham', '100', 'gram');
INSERT INTO `cookbook_new`.`ingredient` (`name`, `quantity`, `unit`) VALUES ('Oat Milk', '100', 'mililiter');
INSERT INTO `cookbook_new`.`ingredient` (`name`, `quantity`, `unit`) VALUES ('Nuts', '100', 'gram');
INSERT INTO `cookbook_new`.`ingredient` (`name`, `quantity`, `unit`) VALUES ('Olive Oil', '100', 'mililiter');
INSERT INTO `cookbook_new`.`ingredient` (`name`, `quantity`, `unit`) VALUES ('Water', '100', 'mililiter');
INSERT INTO `cookbook_new`.`ingredient` (`name`, `quantity`, `unit`) VALUES ('Broccoli', '100', 'gram');
INSERT INTO `cookbook_new`.`ingredient` (`name`, `quantity`, `unit`) VALUES ('Zucchini', '1', 'portion');
INSERT INTO `cookbook_new`.`ingredient` (`name`, `quantity`, `unit`) VALUES ('Carrot', '100', 'gram');
INSERT INTO `cookbook_new`.`ingredient` (`name`, `quantity`, `unit`) VALUES ('Rice', '500', 'gram');
INSERT INTO `cookbook_new`.`ingredient` (`name`, `quantity`, `unit`) VALUES ('Mushrooms', '100', 'gram');
INSERT INTO `cookbook_new`.`ingredient` (`name`, `quantity`, `unit`) VALUES ('Wine', '100', 'mililiter');
INSERT INTO `cookbook_new`.`ingredient` (`name`, `quantity`, `unit`) VALUES ('Salt', '1', 'teaspoon');
INSERT INTO `cookbook_new`.`ingredient` (`name`, `quantity`, `unit`) VALUES ('Tomato Sauce', '100', 'mililiter');
INSERT INTO `cookbook_new`.`ingredient` (`name`, `quantity`, `unit`) VALUES ('Bacon', '150', 'gram');
INSERT INTO `cookbook_new`.`ingredient` (`name`, `quantity`, `unit`) VALUES ('Gnocchi', '200', 'gram');
INSERT INTO `cookbook_new`.`ingredient` (`name`, `quantity`, `unit`) VALUES ('Fresh Mozzarela', '1', 'portion');
INSERT INTO `cookbook_new`.`ingredient` (`name`, `quantity`, `unit`) VALUES ('Lasagna Dough', '100', 'gram');
UPDATE `cookbook_new`.`ingredient` SET `quantity` = '1', `unit` = 'glass' WHERE (`id` = '21');

INSERT INTO `cookbook_new`.`recipes` (`name`, `description`) VALUES ('Waffles', 'You’ll love the sweet, simpe and fast to prepare recipe! You can add toppings and/or sides. For breakfast or all day snacks!');
INSERT INTO `cookbook_new`.`recipes` (`name`, `description`) VALUES ('Cheese and Ham croissant', 'An easy and impressive breakfast or brunch. Serve warm with a coffe! ');
INSERT INTO `cookbook_new`.`recipes` (`name`, `description`) VALUES ('Banana bread', 'The perfect solution for an healthy breakfast. Try to add some dried berries and taste it!');
INSERT INTO `cookbook_new`.`recipes` (`name`, `description`) VALUES ('Eggs benedict', 'A classic for your breakfast! You will only need eggs, butter and bread.');
INSERT INTO `cookbook_new`.`recipes` (`name`, `description`) VALUES ('Broccoli soup', 'Blend roasted broccoli and vegetable broth to make a simple, yet delicious soup. Roasting broccoli enhances its flavor, allowing nutty and sweet flavors to develop.');
INSERT INTO `cookbook_new`.`recipes` (`name`, `description`) VALUES ('Carrot soup', 'A simple yet mouth-watering soup. Carrots, water and some vegetables will be the only ingredients that you will need.');
INSERT INTO `cookbook_new`.`recipes` (`name`, `description`) VALUES ('Mushrooms Risotto', 'This mushroom risotto is easy to make and quicker than a classic risotto. ');
INSERT INTO `cookbook_new`.`recipes` (`name`, `description`) VALUES ('Pizza Napolitana ', 'Sourdoug base, tomatoes and mushrooms. The perfect pizza!');
INSERT INTO `cookbook_new`.`recipes` (`name`, `description`) VALUES ('Gnocchi ', 'Fluffy potato gnocchis with  marinated mozzarella.');
INSERT INTO `cookbook_new`.`recipes` (`name`, `description`) VALUES ('Lasagna', 'Creamy and tasty Italian Lasagna');

UPDATE `cookbook_new`.`ingredient` SET `recipes_names` = 'Waffles, Banana bread, ' WHERE (`id` = '23');
UPDATE `cookbook_new`.`ingredient` SET `recipes_names` = 'Waffles, Eggs benedict, ' WHERE (`id` = '8');
UPDATE `cookbook_new`.`ingredient` SET `recipes_names` = 'Eggs benedict, ' WHERE (`id` = '3');
UPDATE `cookbook_new`.`ingredient` SET `recipes_names` = 'Waffles, Banana bread' WHERE (`id` = '26');
UPDATE `cookbook_new`.`ingredient` SET `recipes_names` = 'Cheese and ham croissant, ' WHERE (`id` = '24');
UPDATE `cookbook_new`.`ingredient` SET `recipes_names` = 'Cheese and ham croissant, ' WHERE (`id` = '25');
UPDATE `cookbook_new`.`ingredient` SET `recipes_names` = 'Cheese and ham croissant, ' WHERE (`id` = '6');
UPDATE `cookbook_new`.`ingredient` SET `recipes_names` = 'Banana bread, ' WHERE (`id` = '27');
UPDATE `cookbook_new`.`ingredient` SET `recipes_names` = 'Eggs benedict, Mushrooms risotto, ' WHERE (`id` = '4');
UPDATE `cookbook_new`.`ingredient` SET `recipes_names` = 'Eggs benedict, ' WHERE (`id` = '28');
UPDATE `cookbook_new`.`ingredient` SET `recipes_names` = 'Eggs benedict, Broccoli soup, ' WHERE (`id` = '42');
UPDATE `cookbook_new`.`ingredient` SET `recipes_names` = 'Broccoli soup, ' WHERE (`id` = '30');
UPDATE `cookbook_new`.`ingredient` SET `recipes_names` = 'Broccoli soup, Carrots soup, ' WHERE (`id` = '31');
UPDATE `cookbook_new`.`ingredient` SET `recipes_names` = 'Broccoli soup, Carrots soup, Mushrooms risotto, ' WHERE (`id` = '29');
UPDATE `cookbook_new`.`ingredient` SET `recipes_names` = 'Broccoli soup, ' WHERE (`id` = '18');
UPDATE `cookbook_new`.`ingredient` SET `recipes_names` = 'Carrots soup, ' WHERE (`id` = '32');
UPDATE `cookbook_new`.`ingredient` SET `recipes_names` = 'Carrots soup, ' WHERE (`id` = '16');
UPDATE `cookbook_new`.`ingredient` SET `recipes_names` = 'Mushrooms risotto, ' WHERE (`id` = '33');
UPDATE `cookbook_new`.`ingredient` SET `recipes_names` = 'Mushrooms risotto, ' WHERE (`id` = '35');
UPDATE `cookbook_new`.`ingredient` SET `recipes_names` = 'Mushrooms risotto, ' WHERE (`id` = '34');
INSERT INTO `cookbook_new`.`ingredient` (`name`, `quantity`, `unit`, `recipes_names`) VALUES ('Parmesan', '100', 'gram', 'Mushrooms risotto, ');

UPDATE `cookbook_new`.`recipes` SET `ingredients_list` = '200g Wheat flour, 2 eggs, 100 ml Oat Milk' WHERE (`id` = '1');
UPDATE `cookbook_new`.`recipes` SET `name` = 'Cheese and ham croissant', `ingredients_list` = '1 Croissant, 5g of Ham, 5g of Cheese' WHERE (`id` = '2');
UPDATE `cookbook_new`.`recipes` SET `ingredients_list` = '2 Bananas, 250g Wheat Flour, 150ml Oat Milk, 100g Nuts, ' WHERE (`id` = '3');
UPDATE `cookbook_new`.`recipes` SET `ingredients_list` = '2 Eggs, 200g of  Bread, 50g of Butter,  1 teaspoon of Olive Oil, 2g of Salt' WHERE (`id` = '4');
UPDATE `cookbook_new`.`recipes` SET `ingredients_list` = '900g Broccoli, 1000ml of Water, 1 Zucchini, 300g of Spinach, 1 teaspoon of Salt' WHERE (`id` = '5');
UPDATE `cookbook_new`.`recipes` SET `ingredients_list` = '900g Carrots, 1000ml of Water, 1 Zucchini, 4 potatoes ' WHERE (`id` = '6');
UPDATE `cookbook_new`.`recipes` SET `ingredients_list` = '900g of Rice, 1 glass of Wine, 900ml of Water, 50g of Butter, 600g of Mushrooms, 150g of Parmesan ' WHERE (`id` = '7');

DELETE FROM `cookbook_new`.`ingredient` WHERE (`id` = '35');
DELETE FROM `cookbook_new`.`ingredient` WHERE (`id` = '42');
DELETE FROM `cookbook_new`.`ingredient` WHERE (`id` = '43');
DELETE FROM `cookbook_new`.`ingredient` WHERE (`id` = '44');
DELETE FROM `cookbook_new`.`ingredient` WHERE (`id` = '45');
DELETE FROM `cookbook_new`.`ingredient` WHERE (`id` = '46');
DELETE FROM `cookbook_new`.`ingredient` WHERE (`id` = '47');
DELETE FROM `cookbook_new`.`ingredient` WHERE (`id` = '48');

INSERT INTO `cookbook_new`.`ingredient` (`name`, `quantity`, `unit`) VALUES ('Wine', '1', 'glass');
INSERT INTO `cookbook_new`.`ingredient` (`name`, `quantity`, `unit`) VALUES ('Salt', '1', 'teaspoon');
INSERT INTO `cookbook_new`.`ingredient` (`name`, `quantity`, `unit`) VALUES ('Tomato sauce', '100', 'mililiter');
INSERT INTO `cookbook_new`.`ingredient` (`name`, `quantity`, `unit`) VALUES ('Bacon', '100', 'gram');
INSERT INTO `cookbook_new`.`ingredient` (`name`, `quantity`, `unit`) VALUES ('Gnocchi', '100', 'gram');
INSERT INTO `cookbook_new`.`ingredient` (`name`, `quantity`, `unit`) VALUES ('Fresh Mozzarela', '100', 'gram');
INSERT INTO `cookbook_new`.`ingredient` (`name`, `quantity`, `unit`) VALUES ('Lasagna dough', '100', 'gram');
INSERT INTO `cookbook_new`.`ingredient` (`name`, `quantity`, `unit`) VALUES ('Parmesan', '100', 'gram');

UPDATE `cookbook_new`.`ingredient` SET `id` = '35' WHERE (`id` = '49');
UPDATE `cookbook_new`.`ingredient` SET `id` = '36' WHERE (`id` = '50');
UPDATE `cookbook_new`.`ingredient` SET `id` = '37' WHERE (`id` = '51');
UPDATE `cookbook_new`.`ingredient` SET `id` = '38' WHERE (`id` = '52');
UPDATE `cookbook_new`.`ingredient` SET `id` = '39' WHERE (`id` = '53');
UPDATE `cookbook_new`.`ingredient` SET `id` = '40' WHERE (`id` = '54');
UPDATE `cookbook_new`.`ingredient` SET `id` = '41' WHERE (`id` = '55');
UPDATE `cookbook_new`.`ingredient` SET `id` = '42' WHERE (`id` = '56');

UPDATE `cookbook_new`.`recipes` SET `ingredients_list` = 'Pizza dough, 200ml of Tomato sauce, 250g of Fresh Mozzarela, 200g of Mushrooms' WHERE (`id` = '8');
UPDATE `cookbook_new`.`recipes` SET `ingredients_list` = '400g of Gnocchi, 150ml of Tomato sauce, 150g of Mozzarela, 90g of Parmesan, Salt, ' WHERE (`id` = '9');
UPDATE `cookbook_new`.`recipes` SET `ingredients_list` = '600g of Lasagna dough, 900g of Meat, 200ml of Bechamel sauce, 200g of Mozzarela, Salt' WHERE (`id` = '10');
INSERT INTO `cookbook_new`.`recipes` (`name`, `description`, `ingredients_list`) VALUES ('Avocado Salad', 'A easy and fresh summer salad! ', '300g of Lettuce, 2 Avocados, 1 Carrot, 80g of Parmesan, 1 Tomato');
INSERT INTO `cookbook_new`.`recipes` (`name`, `description`, `ingredients_list`) VALUES ('Cinnamon and Nuts Cake', 'The right cake for every ocasion! You can do it with a small amount of ingredients. ', '250g of Wheat flour, 200ml of Milk, 4 Eggs, 50g of Butter, 100g of Sugar, 40g of Cinnamon, 80g of Nuts');
INSERT INTO `cookbook_new`.`recipes` (`name`, `description`, `ingredients_list`) VALUES ('Fish Curry with Ginger', 'Fresh and spicy for Indian food lovers! ', '200ml of Coconut milk, 30g of Ginger, Fish, Garlic, Onion, 30g of Curry, 200g of Basmatti Rice, Salt');
UPDATE `cookbook_new`.`recipes` SET `ingredients_list` = '900g of Rice, 1 glass of Wine, 900ml of Water, 50g of Butter, 600g of Mushrooms, 150g of Parmesan, Salt ' WHERE (`id` = '7');
UPDATE `cookbook_new`.`recipes` SET `ingredients_list` = '900g Carrots, 1000ml of Water, 1 Zucchini, 4 potatoes, Salt' WHERE (`id` = '6');
INSERT INTO `cookbook_new`.`recipes` (`name`, `description`, `ingredients_list`) VALUES ('Yogurt with Granola', 'The perfect snack! Add some berries and cocoa on top of it!', '100ml of Yogurt, 80g of Granola, 1 Orange');
INSERT INTO `cookbook_new`.`recipes` (`name`, `description`, `ingredients_list`) VALUES ('Scramble eggs', 'Ideas for your breakfast? Here you have! Add some tasty bacon and enjoy it!', '2 Eggs, 80g of Bacon');

UPDATE `cookbook_new`.`ingredient` SET `recipes_names` = 'Carrot soup, Avocado salad' WHERE (`id` = '5');
DELETE FROM `cookbook_new`.`ingredient` WHERE (`id` = '32');
UPDATE `cookbook_new`.`ingredient` SET `id` = '32' WHERE (`id` = '33');
UPDATE `cookbook_new`.`ingredient` SET `id` = '33', `recipes_names` = 'Mushrooms risotto, Pizza Napolitana,' WHERE (`id` = '34');
UPDATE `cookbook_new`.`ingredient` SET `id` = '34', `recipes_names` = 'Mushrooms risotto, ' WHERE (`id` = '35');
UPDATE `cookbook_new`.`ingredient` SET `id` = '35', `recipes_names` = 'Fish Curry with Ginger, Lasagna, Gnocchi, Mushrooms risotto, Broccoli soup, Carrot soup, ' WHERE (`id` = '36');
UPDATE `cookbook_new`.`ingredient` SET `id` = '36', `recipes_names` = 'Pizza Napolitana, Gnocchi' WHERE (`id` = '37');
UPDATE `cookbook_new`.`ingredient` SET `id` = '37', `recipes_names` = 'Scramble eggs' WHERE (`id` = '38');
UPDATE `cookbook_new`.`ingredient` SET `id` = '38', `recipes_names` = 'Gnocchi' WHERE (`id` = '39');
UPDATE `cookbook_new`.`ingredient` SET `id` = '39', `recipes_names` = 'Pizza Napolitana' WHERE (`id` = '40');
UPDATE `cookbook_new`.`ingredient` SET `id` = '40', `recipes_names` = 'Lasagna' WHERE (`id` = '41');
UPDATE `cookbook_new`.`ingredient` SET `id` = '41', `recipes_names` = 'Mushrooms risotto, Gnocchi, Avocado salad' WHERE (`id` = '42');
INSERT INTO `cookbook_new`.`ingredient` (`name`, `quantity`, `unit`, `recipes_names`) VALUES ('Pizza dough', '1', 'portion', 'Pizza Napolitana');
INSERT INTO `cookbook_new`.`ingredient` (`name`, `quantity`, `unit`, `recipes_names`) VALUES ('Mozzarela', '100', 'gram', 'Gnocchi, Lasagna');
UPDATE `cookbook_new`.`ingredient` SET `recipes_names` = 'Lasagna, ' WHERE (`id` = '12');
INSERT INTO `cookbook_new`.`ingredient` (`name`, `quantity`, `unit`, `recipes_names`) VALUES ('Bechamel sauce', '100', 'mililiter', 'Lasagna');
INSERT INTO `cookbook_new`.`ingredient` (`name`, `quantity`, `unit`, `recipes_names`) VALUES ('Lettuce', '100', 'gram', 'Avocado salad');
UPDATE `cookbook_new`.`ingredient` SET `recipes_names` = 'Avocado salad' WHERE (`id` = '1');
UPDATE `cookbook_new`.`ingredient` SET `recipes_names` = 'Waffles, Banana bread, Cinnamon and Nuts Cake, ' WHERE (`id` = '23');
UPDATE `cookbook_new`.`ingredient` SET `recipes_names` = 'Waffles, Eggs benedict,  Cinnamon and Nuts Cake, Scramble eggs' WHERE (`id` = '8');
UPDATE `cookbook_new`.`ingredient` SET `recipes_names` = 'Eggs benedict, Mushrooms risotto,  Cinnamon and Nuts Cake' WHERE (`id` = '4');
UPDATE `cookbook_new`.`ingredient` SET `recipes_names` = 'Cinnamon and Nuts Cake, ' WHERE (`id` = '19');
UPDATE `cookbook_new`.`ingredient` SET `recipes_names` = 'Cinnamon and Nuts Cake' WHERE (`id` = '7');
UPDATE `cookbook_new`.`ingredient` SET `recipes_names` = 'Banana bread,  Cinnamon and Nuts Cake, ' WHERE (`id` = '27');
UPDATE `cookbook_new`.`ingredient` SET `name` = 'Basmatti Rice', `recipes_names` = 'Fish Curry with Ginger' WHERE (`id` = '17');
INSERT INTO `cookbook_new`.`ingredient` (`name`, `quantity`, `unit`, `recipes_names`) VALUES ('Cocunut Milk', '100', 'mililiter', 'Fish Curry with Ginger');
UPDATE `cookbook_new`.`ingredient` SET `recipes_names` = 'Fish Curry with Ginger' WHERE (`id` = '11');
UPDATE `cookbook_new`.`ingredient` SET `recipes_names` = 'Fish Curry with Ginger' WHERE (`id` = '14');
INSERT INTO `cookbook_new`.`ingredient` (`name`, `quantity`, `unit`, `recipes_names`) VALUES ('Indian Curry', '50', 'gram', 'Fish Curry with Ginger');
UPDATE `cookbook_new`.`ingredient` SET `recipes_names` = 'Fish Curry with Ginger' WHERE (`id` = '10');
UPDATE `cookbook_new`.`ingredient` SET `recipes_names` = 'Fish Curry with Ginger' WHERE (`id` = '9');
UPDATE `cookbook_new`.`ingredient` SET `recipes_names` = 'Cinnamon and Nuts Cake' WHERE (`id` = '13');
UPDATE `cookbook_new`.`ingredient` SET `recipes_names` = 'Yogurt with Granola' WHERE (`id` = '15');
UPDATE `cookbook_new`.`ingredient` SET `recipes_names` = 'Yogurt with Granola' WHERE (`id` = '22');
UPDATE `cookbook_new`.`ingredient` SET `name` = 'Granola', `quantity` = '100', `unit` = 'gram', `recipes_names` = 'Yogurt with Granola' WHERE (`id` = '21');
UPDATE `cookbook_new`.`ingredient` SET `recipes_names` = 'Cheese and ham croissant' WHERE (`id` = '6');
UPDATE `cookbook_new`.`ingredient` SET `recipes_names` = 'Banana bread' WHERE (`id` = '2');
UPDATE `cookbook_new`.`ingredient` SET `recipes_names` = 'Eggs benedict' WHERE (`id` = '3');
UPDATE `cookbook_new`.`ingredient` SET `recipes_names` = 'Avocado salad ' WHERE (`id` = '20');

UPDATE `cookbook_new`.`recipes` SET `category` = 'Gluten free' WHERE (`id` = '1');
UPDATE `cookbook_new`.`recipes` SET `category` = 'Breakfast' WHERE (`id` = '2');
UPDATE `cookbook_new`.`recipes` SET `category` = 'Vegan, Gluten free' WHERE (`id` = '3');
UPDATE `cookbook_new`.`recipes` SET `category` = 'Breakfast, Gluten free' WHERE (`id` = '4');
UPDATE `cookbook_new`.`recipes` SET `category` = 'Vegan, Gluten free, Healthy' WHERE (`id` = '5');
UPDATE `cookbook_new`.`recipes` SET `category` = 'Vegan, Gluten free, Healthy' WHERE (`id` = '6');
UPDATE `cookbook_new`.`recipes` SET `category` = 'Italian, Vegan' WHERE (`id` = '7');
UPDATE `cookbook_new`.`recipes` SET `category` = 'Italian' WHERE (`id` = '8');
UPDATE `cookbook_new`.`recipes` SET `category` = 'Italian' WHERE (`id` = '9');
UPDATE `cookbook_new`.`recipes` SET `category` = 'Italian' WHERE (`id` = '10');
UPDATE `cookbook_new`.`recipes` SET `category` = 'Healthy, Gluten free' WHERE (`id` = '18');
UPDATE `cookbook_new`.`recipes` SET `category` = 'Dessert' WHERE (`id` = '19');
UPDATE `cookbook_new`.`recipes` SET `category` = 'Gluten free, Meat free' WHERE (`id` = '20');
UPDATE `cookbook_new`.`recipes` SET `category` = 'Healthy' WHERE (`id` = '21');
UPDATE `cookbook_new`.`recipes` SET `category` = 'Breakfast' WHERE (`id` = '22');





